2026-06-13 23:30:25,2,0
2026-06-13 23:45:37,2,0
2026-06-14 00:00:54,2,0
2026-06-14 00:16:06,2,0
2026-06-14 00:31:16,2,0
2026-06-14 00:46:26,2,0
2026-06-14 01:01:42,2,0
2026-06-14 01:16:55,2,0
2026-06-14 01:32:04,2,0
2026-06-14 01:47:20,2,0
2026-06-14 02:02:30,2,0
2026-06-14 02:17:42,2,0
2026-06-14 02:32:52,2,0
2026-06-14 02:48:08,2,0
2026-06-14 03:03:19,2,0
2026-06-14 03:18:36,2,0
2026-06-14 03:33:48,2,0
2026-06-14 03:49:08,2,0
2026-06-14 04:04:22,2,0
2026-06-14 04:19:38,2,0
2026-06-14 04:34:49,2,0
2026-06-14 04:50:01,2,0
2026-06-14 05:05:11,2,0
2026-06-14 05:20:23,2,0
2026-06-14 05:35:35,2,0
2026-06-14 05:50:48,2,0
2026-06-14 06:06:01,2,0
2026-06-14 06:21:12,2,0
2026-06-14 06:36:22,2,0
2026-06-14 06:51:34,2,0
2026-06-14 07:06:44,2,0
2026-06-14 07:21:58,2,0
2026-06-14 07:37:11,2,0
2026-06-14 07:52:31,2,0
2026-06-14 08:07:44,2,0
2026-06-14 08:22:57,2,0
2026-06-14 08:38:09,2,1
2026-06-14 08:53:28,2,1
2026-06-14 09:08:39,2,1
2026-06-14 09:23:50,2,1
2026-06-14 09:39:07,2,1
2026-06-14 09:54:25,2,1
2026-06-14 10:09:38,2,1
2026-06-14 10:24:53,2,1
2026-06-14 10:40:09,2,1
2026-06-14 10:55:23,2,1
2026-06-14 11:10:33,2,1
2026-06-14 11:25:44,2,1
2026-06-14 11:40:56,2,1
2026-06-14 11:56:08,2,1
2026-06-14 12:11:25,2,1
2026-06-14 12:26:37,2,1
2026-06-14 12:41:49,2,1
2026-06-14 12:57:06,2,0
2026-06-14 13:12:18,2,0
2026-06-14 13:27:30,2,0
2026-06-14 13:42:40,2,0
2026-06-14 13:57:55,2,0
2026-06-14 14:13:09,2,0
2026-06-14 14:28:21,2,0
2026-06-14 14:43:35,2,0
2026-06-14 14:58:49,2,0
2026-06-14 15:14:00,2,0
2026-06-14 15:29:10,2,0
2026-06-14 15:44:22,2,0
2026-06-14 15:59:32,2,0
2026-06-14 16:14:48,2,1
2026-06-14 16:30:02,2,1
2026-06-14 16:45:15,2,1
2026-06-14 17:00:32,2,1
2026-06-14 17:15:43,2,1
2026-06-14 17:30:57,2,1
2026-06-14 17:46:08,2,1
2026-06-14 18:01:19,2,1
2026-06-14 18:16:38,2,1
2026-06-14 18:31:48,2,1
2026-06-14 18:47:07,2,0
2026-06-14 19:02:28,2,0
2026-06-14 19:17:43,2,0
2026-06-14 19:32:52,2,0
2026-06-14 19:48:05,2,0
2026-06-14 20:03:16,2,0
2026-06-14 20:18:28,2,0
2026-06-14 20:33:40,2,0
2026-06-14 20:48:52,2,0
2026-06-14 21:04:04,2,0
2026-06-14 21:19:18,2,0
2026-06-14 21:34:33,2,0
2026-06-14 21:49:45,2,0
2026-06-14 22:05:03,2,0
2026-06-14 22:20:17,2,0
2026-06-14 22:35:29,2,0
2026-06-14 22:50:46,2,0
2026-06-14 23:06:01,2,0
2026-06-14 23:21:16,2,0
2026-06-14 23:36:28,2,0
2026-06-14 23:51:45,2,0
2026-06-15 00:07:06,2,0
2026-06-15 00:22:22,2,0
2026-06-15 00:37:38,2,0
2026-06-15 00:52:49,2,0
2026-06-15 01:07:59,2,0
2026-06-15 01:23:11,2,0
2026-06-15 01:38:24,2,0
2026-06-15 01:53:35,2,0
2026-06-15 02:08:46,2,0
2026-06-15 02:24:03,2,0
2026-06-15 02:39:16,2,0
2026-06-15 02:54:35,2,0
2026-06-15 03:09:46,2,0
2026-06-15 03:24:56,2,0
2026-06-15 03:40:10,2,0
2026-06-15 03:55:26,2,0
2026-06-15 04:10:44,2,0
2026-06-15 04:25:57,2,0
2026-06-15 04:41:11,2,0
2026-06-15 04:56:22,2,0
2026-06-15 05:11:33,2,0
2026-06-15 05:26:43,2,0
2026-06-15 05:41:57,2,0
2026-06-15 05:57:08,2,0
2026-06-15 06:12:22,2,0
2026-06-15 06:27:36,2,0
2026-06-15 06:42:48,2,0
2026-06-15 06:58:05,2,0
2026-06-15 07:13:22,2,0
2026-06-15 07:28:36,2,0
2026-06-15 07:43:55,2,0
2026-06-15 07:59:07,2,0
2026-06-15 08:14:20,2,0
2026-06-15 08:29:32,2,0
2026-06-15 08:44:46,2,0
2026-06-15 09:00:01,2,0
2026-06-15 09:15:17,2,1
2026-06-15 09:30:36,2,1
2026-06-15 09:45:50,2,1
2026-06-15 10:01:02,2,0
2026-06-15 10:16:22,2,0
2026-06-15 10:31:38,2,0
2026-06-15 10:46:52,2,0
2026-06-15 11:02:08,2,0
2026-06-15 11:17:27,2,0
2026-06-15 11:32:42,2,0
2026-06-15 11:47:56,2,0
2026-06-15 12:03:09,2,1
2026-06-15 12:18:21,2,1
2026-06-15 12:35:05,2,0
2026-06-15 12:50:26,2,0
2026-06-15 13:05:42,2,0
2026-06-15 13:20:56,2,0
2026-06-15 13:36:11,2,0
2026-06-15 13:51:31,2,0
2026-06-15 14:06:44,2,0
2026-06-15 14:22:05,2,0
2026-06-15 14:37:17,2,0
2026-06-15 14:52:37,2,0
2026-06-15 15:08:00,2,0
2026-06-15 15:23:22,2,0
2026-06-15 15:38:39,2,0
2026-06-15 15:54:02,2,0
2026-06-15 16:09:21,2,0
2026-06-15 16:24:39,2,0
2026-06-15 16:40:01,2,0
2026-06-15 16:55:19,2,0
2026-06-15 17:10:38,2,0
2026-06-15 17:26:02,2,0
2026-06-15 17:41:19,2,0
2026-06-15 17:56:39,2,0
2026-06-15 18:12:04,2,0
2026-06-15 18:27:23,2,0
2026-06-15 18:42:45,2,0
2026-06-15 18:58:08,2,0
2026-06-15 19:13:25,2,0
2026-06-15 19:28:46,2,0
2026-06-15 19:44:06,2,0
2026-06-15 19:59:25,2,0
2026-06-15 20:14:47,2,0
2026-06-15 20:30:09,2,0
2026-06-15 20:47:43,2,0
2026-06-15 21:02:57,2,0
2026-06-15 21:18:14,2,0
2026-06-15 21:33:38,2,0
2026-06-15 21:48:51,2,0
2026-06-15 22:04:08,2,0
2026-06-15 22:19:35,2,0
2026-06-15 22:34:51,2,0
2026-06-15 22:50:12,2,0
2026-06-15 23:05:35,2,0
2026-06-15 23:20:46,2,0
2026-06-15 23:35:57,2,0
2026-06-15 23:51:12,2,0
2026-06-16 00:06:31,2,0
2026-06-16 00:21:42,2,0
2026-06-16 00:36:54,2,0
2026-06-16 00:52:11,2,0
2026-06-16 01:07:28,2,0
2026-06-16 01:22:42,2,0
2026-06-16 01:37:59,2,0
2026-06-16 01:53:16,2,0
2026-06-16 02:08:27,2,0
2026-06-16 02:23:44,2,0
2026-06-16 02:38:54,2,0
2026-06-16 02:54:06,2,0
2026-06-16 03:09:19,2,0
2026-06-16 03:24:37,2,0
2026-06-16 03:39:57,2,0
2026-06-16 03:55:15,2,0
2026-06-16 04:10:26,2,0
2026-06-16 04:25:40,2,0
2026-06-16 04:40:57,2,0
2026-06-16 04:56:17,2,0
2026-06-16 05:11:29,2,0
2026-06-16 05:26:40,2,0
2026-06-16 05:41:55,2,0
2026-06-16 05:57:10,2,0
2026-06-16 06:12:22,2,0
2026-06-16 06:27:39,2,0
2026-06-16 06:42:49,2,0
2026-06-16 06:58:01,2,0
2026-06-16 07:13:13,2,0
2026-06-16 07:28:24,2,0
2026-06-16 07:43:35,2,0
2026-06-16 07:58:45,2,0
2026-06-16 08:13:58,2,0
2026-06-16 08:29:11,2,0
2026-06-16 08:44:24,2,0
2026-06-16 08:59:45,2,0
2026-06-16 09:15:02,2,0
2026-06-16 09:30:26,2,0
2026-06-16 09:45:45,2,0
2026-06-16 10:01:02,2,0
2026-06-16 10:16:14,2,0
2026-06-16 10:31:31,2,0
2026-06-16 10:46:46,2,0
2026-06-16 11:01:57,2,0
2026-06-16 11:17:24,2,0
2026-06-16 11:32:39,2,0
2026-06-16 11:47:56,2,0
2026-06-16 12:03:13,2,0
2026-06-16 12:18:28,2,0
2026-06-16 12:33:52,2,0
2026-06-16 12:49:08,2,0
2026-06-16 13:04:28,2,0
2026-06-16 13:19:42,2,0
2026-06-16 13:34:57,2,0
2026-06-16 13:50:17,2,0
2026-06-16 14:05:33,2,0
2026-06-16 14:20:55,2,0
2026-06-16 14:36:20,2,0
2026-06-16 14:51:46,2,0
2026-06-16 15:07:01,2,0
2026-06-16 15:22:27,2,0
2026-06-16 15:37:46,2,0
2026-06-16 15:53:09,2,0
2026-06-16 16:08:26,2,0
2026-06-16 16:23:52,2,0
2026-06-16 16:39:18,2,0
2026-06-16 16:54:44,2,0
2026-06-16 17:10:02,2,0
2026-06-16 17:25:18,2,0
2026-06-16 17:40:43,2,0
2026-06-16 17:56:07,2,0
2026-06-16 18:11:34,2,0
2026-06-16 18:29:52,2,0
2026-06-16 18:45:15,2,0
2026-06-16 19:00:40,2,0
2026-06-16 19:16:06,2,0
2026-06-16 19:31:21,2,0
2026-06-16 19:46:35,2,0
2026-06-16 20:01:55,2,0
2026-06-16 20:17:07,2,0
2026-06-16 20:32:34,2,0
2026-06-16 20:48:02,2,0
2026-06-16 21:03:32,2,0
2026-06-16 21:18:53,2,0
2026-06-16 21:34:14,2,0
2026-06-16 21:49:27,2,0
2026-06-16 22:04:47,2,0
2026-06-16 22:20:15,2,0
2026-06-16 22:35:30,2,0
2026-06-16 22:50:55,2,0
2026-06-16 23:06:14,2,0
2026-06-16 23:21:31,2,0
2026-06-16 23:36:49,2,0
2026-06-16 23:52:16,2,0
2026-06-17 00:07:30,2,0
2026-06-17 00:22:47,2,0
2026-06-17 00:37:58,2,0
2026-06-17 00:53:15,2,0
2026-06-17 01:08:32,2,0
2026-06-17 01:23:47,2,0
2026-06-17 01:38:58,2,0
2026-06-17 01:54:17,2,0
2026-06-17 02:09:29,2,0
2026-06-17 02:24:49,2,0
2026-06-17 02:40:00,2,0
2026-06-17 02:55:12,2,0
2026-06-17 03:10:27,2,0
2026-06-17 03:25:42,2,0
2026-06-17 03:40:54,2,0
2026-06-17 03:56:05,2,0
2026-06-17 04:11:16,2,0
2026-06-17 04:26:32,2,0
2026-06-17 04:41:45,2,0
2026-06-17 04:56:56,2,0
2026-06-17 05:12:09,2,0
2026-06-17 05:27:21,2,0
2026-06-17 05:42:31,2,0
2026-06-17 05:57:44,2,0
2026-06-17 06:12:56,2,0
2026-06-17 06:28:20,2,0
2026-06-17 06:43:32,2,0
2026-06-17 06:58:46,2,0
2026-06-17 07:13:59,2,1
2026-06-17 07:29:12,2,1
2026-06-17 07:44:23,2,1
2026-06-17 07:59:38,2,1
2026-06-17 08:14:58,2,1
2026-06-17 08:30:12,2,1
2026-06-17 08:45:26,2,1
2026-06-17 09:00:45,2,1
2026-06-17 09:15:58,2,1
2026-06-17 09:31:17,2,1
2026-06-17 09:46:28,2,1
2026-06-17 10:01:40,2,1
2026-06-17 10:16:57,2,1
2026-06-17 10:32:20,2,0
2026-06-17 10:47:39,2,0
2026-06-17 11:02:51,2,0
2026-06-17 11:19:27,2,1
2026-06-17 11:34:40,2,1
2026-06-17 11:50:00,2,1
2026-06-17 12:05:13,2,1
2026-06-17 12:20:33,2,1
2026-06-17 12:35:55,2,1
2026-06-17 12:51:09,2,1
2026-06-17 13:06:24,2,1
2026-06-17 13:21:45,2,1
2026-06-17 13:37:00,2,0
2026-06-17 13:52:13,2,0
2026-06-17 14:07:26,2,0
2026-06-17 14:22:47,2,0
2026-06-17 14:37:59,2,0
2026-06-17 14:53:23,2,0
2026-06-17 15:08:40,2,0
2026-06-17 15:24:05,2,0
2026-06-17 15:39:22,2,0
2026-06-17 15:54:37,2,0
2026-06-17 16:09:55,2,0
2026-06-17 16:25:14,2,0
2026-06-17 16:40:37,2,0
2026-06-17 16:55:56,2,0
2026-06-17 17:11:16,2,0
2026-06-17 17:26:38,2,0
2026-06-17 17:41:56,2,0
2026-06-17 17:57:18,2,0
2026-06-17 18:12:37,2,0
2026-06-17 18:27:51,2,0
2026-06-17 18:43:08,2,0
2026-06-17 18:58:25,2,0
2026-06-17 19:13:45,2,0
2026-06-17 19:29:07,2,0
2026-06-17 19:44:25,2,0
2026-06-17 19:59:40,2,0
2026-06-17 20:15:00,2,0
2026-06-17 20:30:16,2,0
2026-06-17 20:45:39,2,0
2026-06-17 21:00:51,2,0
2026-06-17 21:16:11,2,0
2026-06-17 21:31:31,2,0
2026-06-17 21:46:56,2,0
2026-06-17 22:02:12,2,0
2026-06-17 22:17:40,2,0
2026-06-17 22:33:03,2,0
2026-06-17 22:48:15,2,0
2026-06-17 23:03:35,2,0
2026-06-17 23:18:49,2,0
2026-06-17 23:34:00,2,0
2026-06-17 23:49:16,2,0
2026-06-18 00:04:28,2,0
2026-06-18 00:19:40,2,0
2026-06-18 00:34:56,2,0
2026-06-18 00:50:08,2,0
2026-06-18 01:05:20,2,0
2026-06-18 01:20:31,2,0
2026-06-18 01:35:42,2,0
2026-06-18 01:50:54,2,0
2026-06-18 02:06:04,2,0
2026-06-18 02:21:15,2,0
2026-06-18 02:36:26,2,0
2026-06-18 02:51:39,2,0
2026-06-18 03:06:52,2,0
2026-06-18 03:22:10,2,0
2026-06-18 03:37:26,2,0
2026-06-18 03:52:44,2,0
2026-06-18 04:07:54,2,0
2026-06-18 04:23:08,2,0
2026-06-18 04:38:21,2,0
2026-06-18 04:53:32,2,0
2026-06-18 05:08:45,2,0
2026-06-18 05:23:58,2,0
2026-06-18 05:39:13,2,0
2026-06-18 05:54:29,2,0
2026-06-18 06:09:41,2,0
2026-06-18 06:25:01,2,0
2026-06-18 06:40:13,2,0
2026-06-18 06:55:26,2,0
2026-06-18 07:10:39,2,0
2026-06-18 07:25:51,2,0
2026-06-18 07:41:11,2,0
2026-06-18 07:56:27,2,0
2026-06-18 08:11:40,2,0
2026-06-18 08:26:55,2,0
2026-06-18 08:42:09,2,0
2026-06-18 08:57:21,2,0
2026-06-18 09:12:32,2,1
2026-06-18 09:27:47,2,1
2026-06-18 09:42:59,2,1
2026-06-18 09:58:13,2,1
2026-06-18 10:13:27,2,2
2026-06-18 10:28:41,2,2
2026-06-18 10:43:54,2,2
2026-06-18 10:59:09,2,2
2026-06-18 11:14:29,2,2
2026-06-18 11:29:40,2,2
2026-06-18 11:44:59,2,2
2026-06-18 12:00:18,2,2
2026-06-18 12:15:34,2,2
2026-06-18 12:30:47,2,2
2026-06-18 12:46:04,2,2
2026-06-18 13:01:21,2,2
2026-06-18 13:16:32,2,2
2026-06-18 13:31:51,2,2
2026-06-18 13:47:04,2,2
2026-06-18 14:02:26,2,1
2026-06-18 14:17:39,2,0
2026-06-18 14:32:54,2,0
2026-06-18 14:48:06,2,0
2026-06-18 15:03:21,2,0
2026-06-18 15:18:35,2,0
2026-06-18 15:33:50,2,0
2026-06-18 15:49:06,2,0
2026-06-18 16:04:23,2,0
2026-06-18 16:19:46,2,0
2026-06-18 16:35:05,2,0
2026-06-18 16:50:22,2,0
2026-06-18 17:05:40,2,0
2026-06-18 17:20:58,2,0
2026-06-18 17:36:22,2,0
2026-06-18 17:51:38,2,0
2026-06-18 18:06:55,2,0
2026-06-18 18:22:12,2,0
2026-06-18 18:37:30,2,0
2026-06-18 18:52:46,2,0
2026-06-18 19:08:01,2,0
2026-06-18 19:23:16,2,0
2026-06-18 19:38:29,2,0
2026-06-18 19:53:42,2,0
2026-06-18 20:08:58,2,0
2026-06-18 20:24:13,2,0
2026-06-18 20:39:32,2,0
2026-06-18 20:54:47,2,0
2026-06-18 21:09:59,2,0
2026-06-18 21:25:12,2,0
2026-06-18 21:40:27,2,0
2026-06-18 21:55:44,2,0
2026-06-18 22:10:58,2,0
2026-06-18 22:26:12,2,0
2026-06-18 22:41:26,2,0
2026-06-18 22:56:43,2,0
2026-06-18 23:11:55,2,0
2026-06-18 23:27:08,2,0
2026-06-18 23:42:19,2,0
2026-06-18 23:57:29,2,0
2026-06-19 00:12:41,2,0
2026-06-19 00:27:54,2,0
2026-06-19 00:43:07,2,0
2026-06-19 00:58:18,2,0
2026-06-19 01:13:35,2,0
2026-06-19 01:28:56,2,0
2026-06-19 01:44:09,2,0
2026-06-19 01:59:19,2,0
2026-06-19 02:14:31,2,0
2026-06-19 02:29:44,2,0
2026-06-19 02:44:58,2,0
2026-06-19 03:00:15,2,0
2026-06-19 03:15:28,2,0
2026-06-19 03:30:39,2,0
2026-06-19 04:01:16,2,0
2026-06-19 04:16:29,2,0
2026-06-19 04:31:43,2,0
2026-06-19 04:46:58,2,0
2026-06-19 05:02:10,2,0
2026-06-19 05:17:26,2,0
2026-06-19 05:32:39,2,0
2026-06-19 05:47:52,2,0
2026-06-19 06:03:06,2,0
2026-06-19 06:18:19,2,0
2026-06-19 06:33:29,2,0
2026-06-19 06:48:41,2,0
2026-06-19 07:03:54,2,0
2026-06-19 07:19:04,2,0
2026-06-19 07:34:17,2,0
2026-06-19 07:49:27,2,0
2026-06-19 08:04:41,2,0
2026-06-19 08:19:54,2,0
2026-06-19 08:35:09,2,0
2026-06-19 08:50:24,2,0
2026-06-19 09:05:39,2,0
2026-06-19 09:20:53,2,0
2026-06-19 09:36:08,2,0
2026-06-19 09:51:19,2,0
2026-06-19 10:06:33,2,0
2026-06-19 10:21:48,2,0
2026-06-19 10:37:00,2,0
2026-06-19 10:52:10,2,0
2026-06-19 11:07:28,2,0
2026-06-19 11:22:45,2,0
2026-06-19 11:38:01,2,0
2026-06-19 11:53:13,2,0
2026-06-19 12:08:25,2,0
2026-06-19 12:23:38,2,0
2026-06-19 12:38:53,2,0
2026-06-19 12:54:08,2,0
2026-06-19 13:09:21,2,0
2026-06-19 13:24:32,2,0
2026-06-19 13:39:45,2,0
2026-06-19 13:55:00,2,0
2026-06-19 14:10:15,2,0
2026-06-19 14:25:31,2,0
2026-06-19 14:40:45,2,0
2026-06-19 14:56:01,2,0
2026-06-19 15:11:15,2,0
2026-06-19 15:26:31,2,0
2026-06-19 15:41:51,2,0
2026-06-19 15:57:05,2,0
2026-06-19 16:12:18,2,0
2026-06-19 16:27:29,2,0
2026-06-19 16:42:40,2,0
2026-06-19 16:57:55,2,0
2026-06-19 17:13:16,2,0
2026-06-19 17:28:33,2,0
2026-06-19 17:43:45,2,0
2026-06-19 17:59:04,2,0
2026-06-19 18:14:16,2,0
2026-06-19 18:29:29,2,0
2026-06-19 18:44:42,2,0
2026-06-19 18:59:56,2,0
2026-06-19 19:15:07,2,0
2026-06-19 19:30:21,2,0
2026-06-19 19:45:35,2,0
2026-06-19 20:00:47,2,0
2026-06-19 20:16:01,2,0
2026-06-19 20:31:12,2,0
2026-06-19 20:46:24,2,0
2026-06-19 21:01:35,2,0
2026-06-19 21:16:46,2,0
2026-06-19 21:32:06,2,0
2026-06-19 21:47:16,2,0
2026-06-19 22:02:27,2,0
2026-06-19 22:17:37,2,0
2026-06-19 22:32:51,2,0
2026-06-19 22:48:04,2,0
2026-06-19 23:03:17,2,0
2026-06-19 23:18:27,2,0
2026-06-19 23:33:40,2,0
2026-06-19 23:48:54,2,0
2026-06-20 00:04:05,2,0
2026-06-20 00:19:18,2,0
2026-06-20 00:34:28,2,0
2026-06-20 00:49:43,2,0
2026-06-20 01:04:55,2,0
2026-06-20 01:20:07,2,0
2026-06-20 01:35:18,2,0
2026-06-20 01:50:29,2,0
2026-06-20 02:05:40,2,0
2026-06-20 02:20:52,2,0
2026-06-20 02:36:02,2,0
2026-06-20 02:51:11,2,0
2026-06-20 03:06:25,2,0
2026-06-20 03:21:39,2,0
2026-06-20 03:36:52,2,0
2026-06-20 03:52:08,2,0
2026-06-20 04:07:21,2,0
2026-06-20 04:22:35,2,0
2026-06-20 04:37:48,2,0
2026-06-20 04:53:05,2,0
2026-06-20 05:08:19,2,0
2026-06-20 05:23:32,2,0
2026-06-20 05:38:45,2,0
2026-06-20 05:53:58,2,0
2026-06-20 06:09:10,2,0
2026-06-20 06:24:23,2,0
2026-06-20 06:39:39,2,0
2026-06-20 06:54:51,2,0
2026-06-20 07:10:07,2,0
2026-06-20 07:25:19,2,0
2026-06-20 07:40:29,2,0
2026-06-20 07:55:41,2,0
2026-06-20 08:10:53,2,0
2026-06-20 08:26:07,2,0
2026-06-20 08:41:17,2,0
2026-06-20 08:56:27,2,0
2026-06-20 09:11:38,2,0
2026-06-20 09:26:49,2,0
2026-06-20 09:41:59,2,0
2026-06-20 09:57:08,2,0
2026-06-20 10:12:21,2,0
2026-06-20 10:27:33,2,1
2026-06-20 10:42:47,2,1
2026-06-20 10:57:59,2,1
2026-06-20 11:13:12,2,1
2026-06-20 11:28:23,2,1
2026-06-20 11:43:33,2,1
2026-06-20 11:58:46,2,1
2026-06-20 12:13:59,2,1
2026-06-20 12:29:12,2,1
2026-06-20 12:44:24,2,1
2026-06-20 12:59:37,2,1
2026-06-20 13:14:48,2,1
2026-06-20 13:30:00,2,1
2026-06-20 13:45:10,2,1
2026-06-20 14:00:24,2,1
2026-06-20 14:15:37,2,1
2026-06-20 14:30:50,2,0
2026-06-20 14:46:03,2,1
2026-06-20 15:01:15,2,1
2026-06-20 15:16:30,2,1
2026-06-20 15:31:47,2,0
2026-06-20 15:46:57,2,0
2026-06-20 16:02:08,2,0
2026-06-20 16:17:20,2,0
2026-06-20 16:32:33,2,0
2026-06-20 16:47:47,2,0
2026-06-20 17:02:57,2,0
2026-06-20 17:18:09,2,0
2026-06-20 17:33:20,2,0
2026-06-20 17:48:36,2,0
2026-06-20 18:03:50,2,0
2026-06-20 18:19:03,2,0
2026-06-20 18:34:13,2,0
2026-06-20 18:49:26,2,0
2026-06-20 19:04:40,2,0
2026-06-20 19:19:54,2,0
2026-06-20 19:35:07,2,0
2026-06-20 19:50:19,2,0
2026-06-20 20:05:32,2,0
2026-06-20 20:20:43,2,0
2026-06-20 20:35:53,2,0
2026-06-20 20:51:08,2,0
2026-06-20 21:06:21,2,0
2026-06-20 21:21:32,2,0
2026-06-20 21:36:46,2,0
2026-06-20 21:51:56,2,0
2026-06-20 22:07:06,2,0
2026-06-20 22:22:17,2,0
2026-06-20 22:37:27,2,0
2026-06-20 22:52:38,2,0
2026-06-20 23:07:51,2,0
2026-06-20 23:23:02,2,0
2026-06-20 23:38:14,2,0
2026-06-20 23:53:31,2,0
2026-06-21 00:08:42,2,0
2026-06-21 00:23:53,2,0
2026-06-21 00:39:05,2,0
2026-06-21 00:54:17,2,0
2026-06-21 01:09:29,2,0
2026-06-21 01:24:42,2,0
2026-06-21 01:39:54,2,0
2026-06-21 01:55:06,2,0
2026-06-21 02:10:18,2,0
2026-06-21 02:25:30,2,0
2026-06-21 02:40:41,2,0
2026-06-21 02:55:51,2,0
2026-06-21 03:11:07,2,0
2026-06-21 03:26:21,2,0
2026-06-21 03:41:32,2,0
2026-06-21 03:56:43,2,0
2026-06-21 04:11:54,2,0
2026-06-21 04:27:08,2,0
2026-06-21 04:42:19,2,0
2026-06-21 04:57:32,2,0
2026-06-21 05:12:43,2,0
2026-06-21 05:27:55,2,0
2026-06-21 05:43:07,2,0
2026-06-21 05:58:19,2,0
2026-06-21 06:13:32,2,0
2026-06-21 06:28:43,2,0
2026-06-21 06:43:58,2,0
2026-06-21 06:59:09,2,0
2026-06-21 07:14:20,2,0
2026-06-21 07:29:32,2,0
2026-06-21 07:44:45,2,0
2026-06-21 07:59:55,2,0
2026-06-21 08:15:07,2,0
2026-06-21 08:30:20,2,0
2026-06-21 08:45:32,2,0
2026-06-21 09:00:44,2,0
2026-06-21 09:16:03,2,0
2026-06-21 09:31:15,2,0
2026-06-21 09:46:28,2,0
2026-06-21 10:01:44,2,0
2026-06-21 10:16:57,2,0
2026-06-21 10:32:13,2,0
2026-06-21 10:47:28,2,0
2026-06-21 11:02:41,2,0
2026-06-21 11:17:52,2,0
2026-06-21 11:33:05,2,0
2026-06-21 11:48:17,2,0
2026-06-21 12:03:30,2,0
2026-06-21 12:18:43,2,0
2026-06-21 12:33:56,2,0
2026-06-21 12:49:08,2,0
2026-06-21 13:04:20,2,0
2026-06-21 13:19:36,2,0
2026-06-21 13:34:51,2,0
2026-06-21 13:50:03,2,0
2026-06-21 14:05:14,2,0
2026-06-21 14:20:25,2,0
2026-06-21 14:35:39,2,0
2026-06-21 14:50:49,2,0
2026-06-21 15:06:04,2,0
2026-06-21 15:21:16,2,0
2026-06-21 15:36:26,2,0
2026-06-21 15:51:37,2,0
2026-06-21 16:06:50,2,0
2026-06-21 16:22:02,2,0
2026-06-21 16:37:13,2,0
2026-06-21 16:52:24,2,0
2026-06-21 17:07:41,2,0
2026-06-21 17:22:56,2,0
2026-06-21 17:38:09,2,0
2026-06-21 17:53:21,2,0
2026-06-21 18:08:31,2,0
2026-06-21 18:23:43,2,0
2026-06-21 18:38:54,2,0
2026-06-21 18:54:07,2,0
2026-06-21 19:09:20,2,0
2026-06-21 19:24:32,2,0
2026-06-21 19:39:44,2,0
2026-06-21 19:54:57,2,0
2026-06-21 20:10:09,2,0
2026-06-21 20:25:21,2,0
2026-06-21 20:40:31,2,0
2026-06-21 20:55:44,2,0
2026-06-21 21:10:58,2,0
2026-06-21 21:26:09,2,0
2026-06-21 21:41:19,2,0
2026-06-21 21:56:34,2,0
2026-06-21 22:11:44,2,0
2026-06-21 22:26:54,2,0
2026-06-21 22:42:07,2,0
2026-06-21 22:57:20,2,0
2026-06-21 23:12:31,2,0
2026-06-21 23:27:43,2,0
2026-06-21 23:42:56,2,0
2026-06-21 23:58:09,2,0
2026-06-22 00:13:22,2,0
2026-06-22 00:28:32,2,0
2026-06-22 00:43:43,2,0
2026-06-22 00:58:54,2,0
2026-06-22 01:14:04,2,0
2026-06-22 01:29:17,2,0
2026-06-22 01:44:28,2,0
2026-06-22 01:59:40,2,0
2026-06-22 02:14:52,2,0
2026-06-22 02:30:05,2,0
2026-06-22 02:45:20,2,0
2026-06-22 03:00:32,2,0
2026-06-22 03:15:44,2,0
2026-06-22 03:30:55,2,0
2026-06-22 03:46:08,2,0
2026-06-22 04:01:22,2,0
2026-06-22 04:16:33,2,0
2026-06-22 04:31:48,2,0
2026-06-22 04:47:00,2,0
2026-06-22 05:02:10,2,0
2026-06-22 05:17:23,2,0
2026-06-22 05:32:35,2,0
2026-06-22 05:47:48,2,0
2026-06-22 06:03:00,2,0
2026-06-22 06:18:15,2,0
2026-06-22 06:33:25,2,0
2026-06-22 06:48:38,2,0
2026-06-22 07:03:52,2,0
2026-06-22 07:19:06,2,0
2026-06-22 07:34:19,2,0
2026-06-22 07:49:30,2,0
2026-06-22 08:04:44,2,0
2026-06-22 08:20:09,2,0
2026-06-22 08:35:24,2,0
2026-06-22 08:50:36,2,0
2026-06-22 09:05:48,2,0
2026-06-22 09:21:00,2,0
2026-06-22 09:36:13,2,0
2026-06-22 09:51:30,2,0
2026-06-22 10:06:49,2,0
2026-06-22 10:22:04,2,0
2026-06-22 10:37:26,2,0
2026-06-22 10:52:42,2,0
2026-06-22 11:07:55,2,0
2026-06-22 11:23:12,2,0
2026-06-22 11:38:26,2,0
2026-06-22 11:53:38,2,0
2026-06-22 12:08:55,2,0
2026-06-22 12:24:15,2,0
2026-06-22 12:39:29,2,0
2026-06-22 12:54:46,2,0
2026-06-22 13:10:02,2,0
2026-06-22 13:25:17,2,0
2026-06-22 13:40:28,2,0
2026-06-22 13:55:42,2,0
2026-06-22 14:10:56,2,0
2026-06-22 14:26:11,2,0
2026-06-22 14:41:28,2,0
2026-06-22 14:56:45,2,0
2026-06-22 15:12:02,2,0
2026-06-22 15:27:29,2,0
2026-06-22 15:42:47,2,0
2026-06-22 15:58:03,2,0
2026-06-22 16:13:18,2,0
2026-06-22 16:28:29,2,0
2026-06-22 16:43:50,2,0
2026-06-22 16:59:11,2,0
2026-06-22 17:14:28,2,0
2026-06-22 17:29:43,2,0
2026-06-22 17:44:57,2,0
2026-06-22 18:00:21,2,0
2026-06-22 18:15:39,2,0
2026-06-22 18:30:58,2,0
2026-06-22 18:46:20,2,0
2026-06-22 19:01:40,2,0
2026-06-22 19:17:03,2,0
2026-06-22 19:32:20,2,0
2026-06-22 19:47:41,2,0
2026-06-22 20:02:57,2,0
2026-06-22 20:18:12,2,0
2026-06-22 20:33:30,2,0
2026-06-22 20:48:47,2,0
2026-06-22 21:04:05,2,0
2026-06-22 21:19:22,2,0
2026-06-22 21:34:35,2,0
2026-06-22 21:49:48,2,0
2026-06-22 22:05:07,2,0
2026-06-22 22:20:22,2,0
2026-06-22 22:35:40,2,0
2026-06-22 22:50:54,2,0
2026-06-22 23:06:09,2,0
2026-06-22 23:21:20,2,0
2026-06-22 23:36:31,2,0
2026-06-22 23:51:44,2,0
2026-06-23 00:06:56,2,0
2026-06-23 00:22:09,2,0
2026-06-23 00:37:22,2,0
2026-06-23 00:52:32,2,0
2026-06-23 01:07:46,2,0
2026-06-23 01:22:56,2,0
2026-06-23 01:38:07,2,0
2026-06-23 01:53:21,2,0
2026-06-23 02:08:36,2,0
2026-06-23 02:23:49,2,0
2026-06-23 02:39:00,2,0
2026-06-23 02:54:13,2,0
2026-06-23 03:09:24,2,0
2026-06-23 03:24:37,2,0
2026-06-23 03:39:49,2,0
2026-06-23 03:55:03,2,0
2026-06-23 04:10:15,2,0
2026-06-23 04:25:27,2,0
2026-06-23 04:40:38,2,0
2026-06-23 04:55:48,2,0
2026-06-23 05:10:59,2,0
2026-06-23 05:26:09,2,0
2026-06-23 05:41:24,2,0
2026-06-23 05:56:35,2,0
2026-06-23 06:11:50,2,0
2026-06-23 06:27:02,2,0
2026-06-23 06:42:12,2,0
2026-06-23 06:57:25,2,0
2026-06-23 07:12:39,2,0
2026-06-23 07:27:53,2,0
2026-06-23 07:43:03,2,0
2026-06-23 07:58:16,2,0
2026-06-23 08:13:29,2,0
2026-06-23 08:28:41,2,0
2026-06-23 08:43:56,2,0
2026-06-23 08:59:07,2,0
2026-06-23 09:14:19,2,0
2026-06-23 09:29:31,2,0
2026-06-23 09:44:46,2,0
2026-06-23 10:00:00,2,0
2026-06-23 10:15:22,2,0
2026-06-23 10:30:42,2,0
2026-06-23 10:45:59,2,0
2026-06-23 11:01:14,2,0
2026-06-23 11:16:32,2,0
2026-06-23 11:31:54,2,0
2026-06-23 11:47:07,2,0
2026-06-23 12:02:23,2,0
2026-06-23 12:18:09,2,0
2026-06-23 12:33:24,2,0
2026-06-23 12:48:40,2,0
2026-06-23 13:03:57,2,0
2026-06-23 13:19:12,2,0
2026-06-23 13:34:25,2,0
2026-06-23 13:49:36,2,0
2026-06-23 14:04:48,2,0
2026-06-23 14:20:04,2,0
2026-06-23 14:35:19,2,0
2026-06-23 14:50:34,2,0
2026-06-23 15:05:49,2,0
2026-06-23 15:21:01,2,0
2026-06-23 15:36:22,2,0
2026-06-23 15:51:47,2,0
2026-06-23 16:07:09,2,0
2026-06-23 16:22:28,2,0
2026-06-23 16:37:46,2,0
2026-06-23 16:53:03,2,0
2026-06-23 17:08:18,2,0
2026-06-23 17:23:40,2,0
2026-06-23 17:39:05,2,0
2026-06-23 17:54:24,2,0
2026-06-23 18:09:39,2,0
2026-06-23 18:24:57,2,0
2026-06-23 18:40:16,2,0
2026-06-23 18:55:29,2,0
2026-06-23 19:10:49,2,0
2026-06-23 19:26:07,2,0
2026-06-23 19:41:23,2,0
2026-06-23 19:56:41,2,0
2026-06-23 20:12:04,2,0
2026-06-23 20:27:20,2,0
2026-06-23 20:42:38,2,0
2026-06-23 20:57:54,2,0
2026-06-23 21:13:14,2,0
2026-06-23 21:28:32,2,0
2026-06-23 21:43:50,2,0
2026-06-23 21:59:07,2,0
2026-06-23 22:14:31,2,0
2026-06-23 22:29:46,2,1
2026-06-23 22:44:59,2,1
2026-06-23 23:00:09,2,1
2026-06-23 23:15:23,2,1
2026-06-23 23:30:38,2,1
2026-06-23 23:45:49,2,1
2026-06-24 00:01:00,2,0
2026-06-24 00:16:14,2,0
2026-06-24 00:31:27,2,0
2026-06-24 00:46:37,2,0
2026-06-24 01:01:51,2,0
2026-06-24 01:17:06,2,0
2026-06-24 01:32:20,2,0
2026-06-24 01:47:35,2,0
2026-06-24 02:02:47,2,0
2026-06-24 02:17:58,2,0
2026-06-24 02:33:11,2,0
2026-06-24 02:48:21,2,0
2026-06-24 03:03:39,2,0
2026-06-24 03:18:52,2,0
2026-06-24 03:34:06,2,0
2026-06-24 03:49:20,2,0
2026-06-24 04:04:33,2,0
2026-06-24 04:19:43,2,0
2026-06-24 04:34:54,2,0
2026-06-24 04:50:07,2,0
2026-06-24 05:05:21,2,0
2026-06-24 05:20:34,2,0
2026-06-24 05:35:50,2,0
2026-06-24 05:51:04,2,0
2026-06-24 06:06:17,2,0
2026-06-24 06:21:33,2,0
2026-06-24 06:36:48,2,0
2026-06-24 06:52:02,2,0
2026-06-24 07:07:17,2,0
2026-06-24 07:22:32,2,0
2026-06-24 07:37:43,2,0
2026-06-24 07:52:53,2,0
2026-06-24 08:08:04,2,0
2026-06-24 08:23:14,2,0
2026-06-24 08:38:24,2,0
2026-06-24 08:53:39,2,0
2026-06-24 09:08:59,2,0
2026-06-24 09:24:12,2,0
2026-06-24 09:39:28,2,0
2026-06-24 09:54:42,2,0
2026-06-24 10:09:54,2,0
2026-06-24 10:25:08,2,0
2026-06-24 10:40:21,2,0
2026-06-24 10:55:32,2,0
2026-06-24 11:10:43,2,0
2026-06-24 11:25:55,2,0
2026-06-24 11:41:07,2,0
2026-06-24 11:56:24,2,0
2026-06-24 12:11:39,2,0
2026-06-24 12:26:52,2,0
2026-06-24 12:42:07,2,0
2026-06-24 12:57:21,2,0
2026-06-24 13:12:34,2,0
2026-06-24 13:27:47,2,0
2026-06-24 13:42:58,2,0
2026-06-24 13:58:11,2,0
2026-06-24 14:13:27,2,0
2026-06-24 14:28:41,2,0
2026-06-24 14:43:52,2,0
2026-06-24 14:59:08,2,0
2026-06-24 15:14:24,2,0
2026-06-24 15:29:36,2,0
2026-06-24 15:44:48,2,0
2026-06-24 16:00:05,2,0
2026-06-24 16:15:24,2,0
2026-06-24 16:30:42,2,0
2026-06-24 16:45:54,2,0
2026-06-24 17:01:07,2,0
2026-06-24 17:16:20,2,0
2026-06-24 17:31:37,2,0
2026-06-24 17:46:53,2,1
2026-06-24 18:02:05,2,1
2026-06-24 18:17:18,2,1
2026-06-24 18:32:32,2,1
2026-06-24 18:47:50,2,1
2026-06-24 19:03:05,2,1
2026-06-24 19:18:22,2,1
2026-06-24 19:33:37,2,1
2026-06-24 19:48:51,2,1
2026-06-24 20:04:04,2,1
2026-06-24 20:19:19,2,1
2026-06-24 20:34:30,2,1
2026-06-24 20:49:42,2,1
2026-06-24 21:05:00,2,1
2026-06-24 21:20:15,2,1
2026-06-24 21:35:27,2,0
2026-06-24 21:50:39,2,0
2026-06-24 22:05:51,2,0
2026-06-24 22:21:07,2,0
2026-06-24 22:36:17,2,0
2026-06-24 22:51:31,2,0
2026-06-24 23:06:45,2,0
2026-06-24 23:21:59,2,0
2026-06-24 23:37:14,2,0
2026-06-24 23:52:26,2,0
2026-06-25 00:07:38,2,0
2026-06-25 00:22:51,2,0
2026-06-25 00:38:03,2,0
2026-06-25 00:53:13,2,0
2026-06-25 01:08:25,2,0
2026-06-25 01:23:39,2,0
2026-06-25 01:38:54,2,0
2026-06-25 01:54:03,2,0
2026-06-25 02:09:13,2,0
2026-06-25 02:24:25,2,0
2026-06-25 02:39:37,2,0
2026-06-25 02:54:51,2,0
2026-06-25 03:10:04,2,0
2026-06-25 03:25:19,2,0
2026-06-25 03:40:30,2,0
2026-06-25 03:55:41,2,0
2026-06-25 04:10:51,2,0
2026-06-25 04:26:03,2,0
2026-06-25 04:41:13,2,0
2026-06-25 04:56:30,2,0
2026-06-25 05:11:40,2,0
2026-06-25 05:26:52,2,0
2026-06-25 05:42:02,2,0
2026-06-25 05:57:13,2,0
2026-06-25 06:12:26,2,0
2026-06-25 06:27:38,2,0
2026-06-25 06:42:51,2,0
2026-06-25 06:58:02,2,0
2026-06-25 07:13:16,2,0
2026-06-25 07:28:27,2,0
2026-06-25 07:43:41,2,0
2026-06-25 07:58:51,2,0
2026-06-25 08:14:04,2,0
2026-06-25 08:29:16,2,0
2026-06-25 08:44:27,2,0
2026-06-25 08:59:39,2,0
2026-06-25 09:14:52,2,0
2026-06-25 09:30:03,2,0
2026-06-25 09:45:17,2,0
2026-06-25 10:00:30,2,0
2026-06-25 10:15:44,2,0
2026-06-25 10:30:58,2,0
2026-06-25 10:46:13,2,0
2026-06-25 11:01:27,2,0
2026-06-25 11:16:40,2,0
2026-06-25 11:31:56,2,0
2026-06-25 11:47:09,2,0
2026-06-25 12:02:24,2,0
2026-06-25 12:17:36,2,0
2026-06-25 12:32:47,2,0
2026-06-25 12:47:58,2,0
2026-06-25 13:03:10,2,0
2026-06-25 13:18:24,2,0
2026-06-25 13:33:38,2,0
2026-06-25 13:48:55,2,0
2026-06-25 14:04:15,2,0
2026-06-25 14:19:31,2,1
2026-06-25 14:34:44,2,1
2026-06-25 14:49:54,2,1
2026-06-25 15:05:11,2,1
2026-06-25 15:20:25,2,1
2026-06-25 15:35:38,2,1
2026-06-25 15:50:51,2,1
2026-06-25 16:06:08,2,1
2026-06-25 16:21:26,2,1
2026-06-25 16:36:40,2,1
2026-06-25 16:51:51,2,1
2026-06-25 17:07:05,2,1
2026-06-25 17:22:18,2,1
2026-06-25 17:37:31,2,1
2026-06-25 17:52:42,2,1
2026-06-25 18:07:56,2,1
2026-06-25 18:23:08,2,1
2026-06-25 18:38:21,2,1
2026-06-25 18:53:36,2,1
2026-06-25 19:08:48,2,1
2026-06-25 19:24:02,2,1
2026-06-25 19:51:14,2,1
2026-06-25 20:06:32,2,1
2026-06-25 20:21:45,2,1
2026-06-25 20:36:56,2,1
2026-06-25 20:52:13,2,1
2026-06-25 21:07:26,2,1
2026-06-25 21:22:37,2,1
2026-06-25 21:37:49,2,0
2026-06-25 21:53:02,2,0
2026-06-25 22:08:15,2,0
2026-06-25 22:23:28,2,0
2026-06-25 22:38:42,2,0
2026-06-25 22:53:56,2,0
2026-06-25 23:09:14,2,0
2026-06-25 23:24:30,2,0
2026-06-25 23:39:41,2,0
2026-06-25 23:54:52,2,0
2026-06-26 00:10:03,2,0
2026-06-26 00:25:18,2,0
2026-06-26 00:40:32,2,0
2026-06-26 00:55:41,2,0
2026-06-26 01:10:55,2,0
2026-06-26 01:26:07,2,0
2026-06-26 01:41:18,2,0
2026-06-26 01:56:28,2,0
2026-06-26 02:11:39,2,0
2026-06-26 02:26:50,2,0
2026-06-26 02:42:04,2,0
2026-06-26 02:57:19,2,0
2026-06-26 03:12:33,2,0
2026-06-26 03:27:43,2,0
2026-06-26 03:42:53,2,0
2026-06-26 03:58:06,2,0
2026-06-26 04:13:17,2,0
2026-06-26 04:28:27,2,0
2026-06-26 04:43:40,2,0
2026-06-26 04:58:49,2,0
2026-06-26 05:14:04,2,0
2026-06-26 05:29:16,2,0
2026-06-26 05:44:29,2,0
2026-06-26 05:59:40,2,0
2026-06-26 06:14:50,2,0
2026-06-26 06:30:00,2,0
2026-06-26 06:45:09,2,0
2026-06-26 07:00:19,2,0
2026-06-26 07:15:32,2,0
2026-06-26 07:30:45,2,0
2026-06-26 07:45:55,2,0
2026-06-26 08:01:07,2,0
2026-06-26 08:16:19,2,0
2026-06-26 08:31:30,2,0
2026-06-26 08:46:44,2,0
2026-06-26 09:01:57,2,0
2026-06-26 09:17:09,2,0
2026-06-26 09:32:21,2,0
2026-06-26 09:47:35,2,0
2026-06-26 10:02:50,2,0
2026-06-26 10:18:03,2,0
2026-06-26 10:33:23,2,0
2026-06-26 10:48:36,2,0
2026-06-26 11:03:51,2,0
2026-06-26 11:19:03,2,0
2026-06-26 11:34:14,2,0
2026-06-26 11:49:28,2,0
2026-06-26 12:04:47,2,0
2026-06-26 12:20:01,2,0
2026-06-26 12:35:16,2,0
2026-06-26 12:50:32,2,0
2026-06-26 13:05:46,2,0
2026-06-26 13:20:58,2,0
2026-06-26 13:36:10,2,0
2026-06-26 13:51:21,2,0
2026-06-26 14:06:36,2,0
2026-06-26 14:22:05,2,0
2026-06-26 14:37:16,2,0
2026-06-26 14:52:28,2,0
2026-06-26 15:07:40,2,0
2026-06-26 15:22:57,2,1
2026-06-26 15:38:09,2,1
2026-06-26 15:53:22,2,1
2026-06-26 16:08:33,2,1
2026-06-26 16:23:47,2,1
2026-06-26 16:39:00,2,1
2026-06-26 16:54:12,2,1
2026-06-26 17:09:25,2,1
2026-06-26 17:24:39,2,1
2026-06-26 17:39:52,2,1
2026-06-26 17:55:05,2,1
2026-06-26 18:10:19,2,1
2026-06-26 18:25:32,2,1
2026-06-26 18:40:46,2,1
2026-06-26 18:55:59,2,1
2026-06-26 19:11:12,2,1
2026-06-26 19:26:25,2,0
2026-06-26 19:41:39,2,0
2026-06-26 19:56:51,2,0
2026-06-26 20:12:04,2,0
2026-06-26 20:27:15,2,0
2026-06-26 20:42:27,2,0
2026-06-26 20:57:40,2,0
2026-06-26 21:12:52,2,0
2026-06-26 21:28:07,2,0
2026-06-26 21:43:21,2,0
2026-06-26 21:58:37,2,0
2026-06-26 22:13:50,2,0
2026-06-26 22:29:06,2,1
2026-06-26 22:44:19,2,1
2026-06-26 22:59:33,2,1
2026-06-26 23:14:47,2,1
2026-06-26 23:29:58,2,1
2026-06-26 23:45:12,2,1
2026-06-27 00:00:22,2,1
2026-06-27 00:15:32,2,1
2026-06-27 00:31:17,2,0
2026-06-27 00:46:27,2,0
2026-06-27 01:01:37,2,0
2026-06-27 01:16:48,2,0
2026-06-27 01:32:00,2,0
2026-06-27 01:47:13,2,0
2026-06-27 02:02:28,2,0
2026-06-27 02:17:40,2,0
2026-06-27 02:32:53,2,0
2026-06-27 02:48:08,2,0
2026-06-27 03:03:21,2,0
2026-06-27 03:18:31,2,0
2026-06-27 03:33:45,2,0
2026-06-27 03:48:55,2,0
2026-06-27 04:04:12,2,0
2026-06-27 04:19:27,2,0
2026-06-27 04:34:38,2,0
2026-06-27 04:49:51,2,0
2026-06-27 05:05:03,2,0
2026-06-27 05:20:12,2,0
2026-06-27 05:35:24,2,0
2026-06-27 05:50:34,2,0
2026-06-27 06:05:50,2,0
2026-06-27 06:21:01,2,0
2026-06-27 06:36:13,2,0
2026-06-27 06:51:27,2,0
2026-06-27 07:06:37,2,0
2026-06-27 07:21:47,2,0
2026-06-27 07:36:57,2,0
2026-06-27 07:52:10,2,0
2026-06-27 08:07:25,2,0
2026-06-27 08:22:38,2,0
2026-06-27 08:37:50,2,0
2026-06-27 08:53:01,2,0
2026-06-27 09:08:14,2,0
2026-06-27 09:23:27,2,0
2026-06-27 09:38:41,2,0
2026-06-27 09:53:53,2,0
2026-06-27 10:09:05,2,0
2026-06-27 10:24:22,2,0
2026-06-27 10:39:36,2,0
2026-06-27 10:54:46,2,0
2026-06-27 11:09:59,2,0
2026-06-27 11:25:10,2,0
2026-06-27 11:40:20,2,0
2026-06-27 11:55:32,2,0
2026-06-27 12:10:42,2,0
2026-06-27 12:25:52,2,0
2026-06-27 12:41:02,2,0
2026-06-27 12:56:12,2,0
2026-06-27 13:11:24,2,0
2026-06-27 13:26:37,2,0
2026-06-27 13:41:50,2,0
2026-06-27 13:57:04,2,0
2026-06-27 14:12:15,2,0
2026-06-27 14:27:24,2,0
2026-06-27 14:42:36,2,0
2026-06-27 14:57:55,2,0
2026-06-27 15:13:07,2,0
2026-06-27 15:28:19,2,0
2026-06-27 15:43:30,2,0
2026-06-27 15:58:40,2,1
2026-06-27 16:13:54,2,1
2026-06-27 16:29:06,2,1
2026-06-27 16:44:16,2,1
2026-06-27 16:59:26,2,0
2026-06-27 17:14:36,2,0
2026-06-27 17:29:52,2,0
2026-06-27 17:45:02,2,0
2026-06-27 18:00:11,2,0
2026-06-27 18:15:23,2,0
2026-06-27 18:30:34,2,0
2026-06-27 18:45:47,2,0
2026-06-27 19:01:01,2,0
2026-06-27 19:16:13,2,1
2026-06-27 19:31:26,2,1
2026-06-27 19:46:37,2,1
2026-06-27 20:01:48,2,1
2026-06-27 20:16:59,2,1
2026-06-27 20:32:10,2,1
2026-06-27 20:47:20,2,1
2026-06-27 21:02:33,2,1
2026-06-27 21:17:43,2,1
2026-06-27 21:32:55,2,1
2026-06-27 21:48:08,2,1
2026-06-27 22:03:20,2,1
2026-06-27 22:18:31,2,1
2026-06-27 22:33:43,2,1
2026-06-27 22:48:58,2,1
2026-06-27 23:04:13,2,1
2026-06-27 23:19:24,2,0
2026-06-27 23:34:36,2,0
2026-06-27 23:49:49,2,0
2026-06-28 00:05:03,2,0
2026-06-28 00:20:15,2,0
2026-06-28 00:35:24,2,0
2026-06-28 00:50:34,2,0
2026-06-28 01:05:44,2,0
2026-06-28 01:20:56,2,0
2026-06-28 01:36:08,2,0
2026-06-28 01:51:20,2,0
2026-06-28 02:06:31,2,0
2026-06-28 02:21:43,2,0
2026-06-28 02:36:56,2,0
2026-06-28 02:52:07,2,0
2026-06-28 03:07:19,2,0
2026-06-28 03:22:30,2,0
2026-06-28 03:37:40,2,0
2026-06-28 03:52:52,2,0
2026-06-28 04:08:04,2,0
2026-06-28 04:23:15,2,0
2026-06-28 04:38:26,2,0
2026-06-28 04:53:37,2,0
2026-06-28 05:08:50,2,0
2026-06-28 05:24:01,2,0
2026-06-28 05:39:13,2,0
2026-06-28 05:54:24,2,0
2026-06-28 06:09:38,2,0
2026-06-28 06:24:51,2,0
2026-06-28 06:41:48,2,0
2026-06-28 07:02:06,2,0
2026-06-28 07:17:24,2,0
2026-06-28 07:32:33,2,0
2026-06-28 07:47:47,2,0
2026-06-28 08:02:59,2,0
2026-06-28 08:18:13,2,0
2026-06-28 08:33:24,2,0
2026-06-28 08:48:37,2,0
2026-06-28 09:03:50,2,0
2026-06-28 09:19:04,2,0
2026-06-28 09:34:17,2,0
2026-06-28 09:49:30,2,0
2026-06-28 10:04:42,2,0
2026-06-28 10:19:55,2,0
2026-06-28 10:35:07,2,0
2026-06-28 10:50:18,2,0
2026-06-28 11:05:30,2,0
2026-06-28 11:20:43,2,0
2026-06-28 11:35:58,2,0
2026-06-28 11:51:12,2,0
2026-06-28 12:06:30,2,0
2026-06-28 12:21:41,2,0
2026-06-28 12:37:02,2,0
2026-06-28 12:52:12,2,0
2026-06-28 13:07:25,2,0
2026-06-28 13:22:36,2,0
2026-06-28 13:37:48,2,0
2026-06-28 13:53:02,2,0
2026-06-28 14:08:12,2,0
2026-06-28 14:23:22,2,0
2026-06-28 14:38:33,2,0
2026-06-28 14:53:42,2,0
2026-06-28 15:08:53,2,0
2026-06-28 15:24:05,2,0
2026-06-28 15:39:16,2,1
2026-06-28 15:54:29,2,1
2026-06-28 16:09:42,2,1
2026-06-28 16:24:55,2,1
2026-06-28 16:40:07,2,1
2026-06-28 16:55:16,2,1
2026-06-28 17:10:26,2,1
2026-06-28 17:25:36,2,1
2026-06-28 17:40:47,2,1
2026-06-28 17:55:57,2,1
2026-06-28 18:11:10,2,1
2026-06-28 18:26:20,2,1
2026-06-28 18:41:30,2,1
2026-06-28 18:56:45,2,1
2026-06-28 19:11:58,2,1
2026-06-28 19:27:13,2,0
2026-06-28 19:42:26,2,0
2026-06-28 19:57:40,2,0
2026-06-28 20:12:53,2,0
2026-06-28 20:28:07,2,0
2026-06-28 20:43:17,2,0
2026-06-28 20:58:31,2,0
2026-06-28 21:13:44,2,0
2026-06-28 21:28:56,2,0
2026-06-28 21:44:09,2,0
2026-06-28 21:59:21,2,0
2026-06-28 22:14:34,2,0
2026-06-28 22:29:48,2,0
2026-06-28 22:45:00,2,0
2026-06-28 23:00:15,2,0
2026-06-28 23:15:27,2,0
2026-06-28 23:30:39,2,0
2026-06-28 23:45:50,2,0
2026-06-29 00:01:03,2,0
2026-06-29 00:16:13,2,0
2026-06-29 00:31:25,2,0
2026-06-29 00:46:37,2,0
2026-06-29 01:01:53,2,0
2026-06-29 01:17:08,2,0
2026-06-29 01:32:18,2,0
2026-06-29 01:47:31,2,0
2026-06-29 02:02:42,2,0
2026-06-29 02:17:56,2,0
2026-06-29 02:33:10,2,0
2026-06-29 02:48:23,2,0
2026-06-29 03:03:34,2,0
2026-06-29 03:18:47,2,0
2026-06-29 03:34:03,2,0
2026-06-29 03:49:16,2,0
2026-06-29 04:04:29,2,0
2026-06-29 04:19:43,2,0
2026-06-29 04:35:00,2,0
2026-06-29 04:50:15,2,0
2026-06-29 05:05:29,2,0
2026-06-29 05:20:42,2,0
2026-06-29 05:35:55,2,0
2026-06-29 05:51:08,2,0
2026-06-29 06:06:24,2,0
2026-06-29 06:21:36,2,0
2026-06-29 06:36:50,2,0
2026-06-29 06:52:01,2,0
2026-06-29 07:07:14,2,0
2026-06-29 07:22:30,2,0
2026-06-29 07:37:44,2,0
2026-06-29 07:52:58,2,0
2026-06-29 08:08:17,2,0
2026-06-29 08:23:29,2,0
2026-06-29 08:38:39,2,0
2026-06-29 08:53:54,2,0
2026-06-29 09:09:11,2,0
2026-06-29 09:24:26,2,0
2026-06-29 09:39:39,2,0
2026-06-29 09:54:52,2,0
2026-06-29 10:10:06,2,0
2026-06-29 10:25:21,2,0
2026-06-29 10:40:38,2,0
2026-06-29 10:55:52,2,0
2026-06-29 11:11:08,2,0
2026-06-29 11:26:22,2,0
2026-06-29 11:41:38,2,0
2026-06-29 11:56:52,2,0
2026-06-29 12:12:07,2,0
2026-06-29 12:27:20,2,0
2026-06-29 12:42:31,2,0
2026-06-29 12:57:45,2,0
2026-06-29 13:12:56,2,0
2026-06-29 13:28:14,2,0
2026-06-29 13:43:27,2,0
2026-06-29 13:58:42,2,0
2026-06-29 14:13:54,2,0
2026-06-29 14:29:09,2,0
2026-06-29 14:44:26,2,0
2026-06-29 14:59:38,2,0
2026-06-29 15:14:54,2,0
2026-06-29 15:30:04,2,0
2026-06-29 15:45:20,2,0
2026-06-29 16:00:35,2,0
2026-06-29 16:15:47,2,0
2026-06-29 16:30:59,2,0
2026-06-29 16:46:13,2,0
2026-06-29 17:01:26,2,0
2026-06-29 17:16:38,2,0
2026-06-29 17:31:51,2,0
2026-06-29 17:47:04,2,0
2026-06-29 18:02:16,2,0
2026-06-29 18:17:29,2,0
2026-06-29 18:32:42,2,0
2026-06-29 18:47:56,2,0
2026-06-29 19:03:07,2,0
2026-06-29 19:18:23,2,0
2026-06-29 19:33:39,2,0
2026-06-29 19:48:54,2,0
2026-06-29 20:04:12,2,0
2026-06-29 20:19:25,2,0
2026-06-29 20:34:37,2,0
2026-06-29 20:49:48,2,0
2026-06-29 21:05:04,2,0
2026-06-29 21:20:17,2,0
2026-06-29 21:35:31,2,0
2026-06-29 21:50:42,2,0
2026-06-29 22:05:55,2,0
2026-06-29 22:21:10,2,0
2026-06-29 22:36:27,2,0
2026-06-29 22:51:41,2,0
2026-06-29 23:06:54,2,0
2026-06-29 23:22:05,2,0
2026-06-29 23:52:42,2,0
2026-06-30 00:07:52,2,0
2026-06-30 00:23:01,2,0
2026-06-30 00:38:11,2,0
2026-06-30 00:53:24,2,0
2026-06-30 01:08:40,2,0
2026-06-30 01:23:51,2,0
2026-06-30 01:39:04,2,0
2026-06-30 01:54:14,2,0
2026-06-30 02:09:23,2,0
2026-06-30 02:24:33,2,0
2026-06-30 02:39:42,2,0
2026-06-30 02:54:53,2,0
2026-06-30 03:10:03,2,0
2026-06-30 03:25:16,2,0
2026-06-30 03:40:27,2,0
2026-06-30 03:55:41,2,0
2026-06-30 04:10:54,2,0
2026-06-30 04:26:11,2,0
2026-06-30 04:41:23,2,0
2026-06-30 04:56:35,2,0
2026-06-30 05:11:45,2,0
2026-06-30 05:26:54,2,0
2026-06-30 05:42:04,2,0
2026-06-30 05:57:13,2,0
2026-06-30 06:12:23,2,0
2026-06-30 06:27:32,2,0
2026-06-30 06:42:45,2,0
2026-06-30 06:57:55,2,0
2026-06-30 07:13:12,2,0
2026-06-30 07:28:25,2,0
2026-06-30 07:43:36,2,0
2026-06-30 07:58:49,2,0
2026-06-30 08:14:02,2,0
2026-06-30 08:29:15,2,0
2026-06-30 08:44:28,2,0
2026-06-30 08:59:44,2,0
2026-06-30 09:14:58,2,0
2026-06-30 09:30:16,2,0
2026-06-30 09:45:37,2,0
2026-06-30 10:00:50,2,0
2026-06-30 10:16:23,2,0
2026-06-30 10:31:46,2,0
2026-06-30 10:47:00,2,0
2026-06-30 11:02:13,2,0
2026-06-30 11:17:25,2,0
2026-06-30 11:32:37,2,0
2026-06-30 11:47:56,2,0
2026-06-30 12:03:09,2,0
2026-06-30 12:18:20,2,0
2026-06-30 12:33:33,2,0
2026-06-30 12:48:44,2,0
2026-06-30 13:03:57,2,0
2026-06-30 13:19:10,2,0
2026-06-30 13:34:22,2,0
2026-06-30 13:49:37,2,0
2026-06-30 14:04:52,2,0
2026-06-30 14:20:03,2,0
2026-06-30 14:35:24,2,0
2026-06-30 14:50:36,2,0
2026-06-30 15:05:47,2,0
2026-06-30 15:21:02,2,0
2026-06-30 15:36:14,2,0
2026-06-30 15:51:29,2,0
2026-06-30 16:06:46,2,0
2026-06-30 16:22:02,2,0
2026-06-30 16:37:14,2,0
2026-06-30 16:52:28,2,0
2026-06-30 17:07:43,2,0
2026-06-30 17:23:02,2,0
2026-06-30 17:38:47,2,0
2026-06-30 17:54:00,2,0
2026-06-30 18:09:13,2,0
2026-06-30 18:24:24,2,0
2026-06-30 18:39:36,2,0
2026-06-30 18:54:51,2,0
2026-06-30 19:10:10,2,0
2026-06-30 19:25:23,2,0
2026-06-30 19:40:44,2,0
2026-06-30 19:55:59,2,0
2026-06-30 20:11:14,2,0
2026-06-30 20:26:27,2,0
2026-06-30 20:41:38,2,0
2026-06-30 20:56:51,2,0
2026-06-30 21:12:02,2,0
2026-06-30 21:27:14,2,0
2026-06-30 21:42:26,2,0
2026-06-30 21:57:37,2,0
2026-06-30 22:12:48,2,0
2026-06-30 22:28:03,2,0
2026-06-30 22:43:16,2,0
2026-06-30 22:58:29,2,0
2026-06-30 23:13:43,2,0
2026-06-30 23:28:54,2,0
2026-06-30 23:44:08,2,0
2026-06-30 23:59:24,2,0
2026-07-01 00:14:37,2,0
2026-07-01 00:29:50,2,0
2026-07-01 00:45:02,2,0
2026-07-01 01:00:15,2,0
2026-07-01 01:15:25,2,0
2026-07-01 01:30:35,2,0
2026-07-01 01:45:45,2,0
2026-07-01 02:00:57,2,0
2026-07-01 02:16:07,2,0
2026-07-01 02:31:18,2,0
2026-07-01 02:46:28,2,0
2026-07-01 03:01:41,2,0
2026-07-01 03:16:53,2,0
2026-07-01 03:32:05,2,0
2026-07-01 03:47:20,2,0
2026-07-01 04:02:33,2,0
2026-07-01 04:17:46,2,0
2026-07-01 04:33:00,2,0
2026-07-01 04:48:12,2,0
2026-07-01 05:03:24,2,0
2026-07-01 05:18:36,2,0
2026-07-01 05:33:50,2,0
2026-07-01 05:49:01,2,0
2026-07-01 06:04:14,2,0
2026-07-01 06:19:29,2,0
2026-07-01 06:34:40,2,0
2026-07-01 06:49:54,2,0
2026-07-01 07:05:07,2,0
2026-07-01 07:20:22,2,0
2026-07-01 07:35:36,2,0
2026-07-01 07:50:48,2,0
2026-07-01 08:05:59,2,0
2026-07-01 08:21:09,2,0
2026-07-01 08:36:20,2,0
2026-07-01 08:51:34,2,0
2026-07-01 09:06:46,2,0
2026-07-01 09:22:02,2,0
2026-07-01 09:37:14,2,0
2026-07-01 09:52:26,2,0
2026-07-01 10:07:37,2,0
2026-07-01 10:22:49,2,0
2026-07-01 10:38:06,2,0
2026-07-01 10:53:22,2,0
2026-07-01 11:08:33,2,0
2026-07-01 11:23:45,2,1
2026-07-01 11:38:57,2,0
2026-07-01 11:54:11,2,0
2026-07-01 12:09:24,2,0
2026-07-01 12:24:35,2,0
2026-07-01 12:39:47,2,1
2026-07-01 12:55:00,2,1
2026-07-01 13:10:12,2,1
2026-07-01 13:25:23,2,1
2026-07-01 13:40:44,2,1
2026-07-01 13:55:56,2,1
2026-07-01 14:11:08,2,1
2026-07-01 14:26:20,2,0
2026-07-01 14:41:31,2,0
2026-07-01 14:56:47,2,0
2026-07-01 15:12:02,2,0
2026-07-01 15:27:17,2,0
2026-07-01 15:42:30,2,0
2026-07-01 15:57:42,2,0
2026-07-01 16:12:57,2,0
2026-07-01 16:28:10,2,0
2026-07-01 16:43:24,2,0
2026-07-01 16:58:38,2,0
2026-07-01 17:13:54,2,0
2026-07-01 17:29:06,2,0
2026-07-01 17:44:24,2,0
2026-07-01 17:59:36,2,0
2026-07-01 18:14:55,2,0
2026-07-01 18:30:12,2,0
2026-07-01 18:45:25,2,0
2026-07-01 19:00:38,2,0
2026-07-01 19:15:50,2,0
2026-07-01 19:31:01,2,0
2026-07-01 19:46:13,2,0
2026-07-01 20:01:32,2,0
2026-07-01 20:16:46,2,0
2026-07-01 20:31:58,2,0
2026-07-01 20:47:08,2,0
2026-07-01 21:02:19,2,0
2026-07-01 21:17:31,2,0
2026-07-01 21:32:45,2,0
2026-07-01 21:47:56,2,0
2026-07-01 22:03:08,2,0
2026-07-01 22:18:23,2,0
2026-07-01 22:33:34,2,0
2026-07-01 22:48:45,2,0
2026-07-01 23:03:56,2,0
2026-07-01 23:19:11,2,0
2026-07-01 23:34:26,2,0
2026-07-01 23:49:40,2,0
2026-07-02 00:04:53,2,0
2026-07-02 00:20:08,2,0
2026-07-02 00:35:20,2,0
2026-07-02 00:50:31,2,0
2026-07-02 01:05:47,2,0
2026-07-02 01:20:59,2,0
2026-07-02 01:36:08,2,0
2026-07-02 01:51:19,2,0
2026-07-02 02:06:29,2,0
2026-07-02 02:21:41,2,0
2026-07-02 02:36:53,2,0
2026-07-02 02:52:08,2,0
2026-07-02 03:07:18,2,0
2026-07-02 03:22:31,2,0
2026-07-02 03:37:43,2,0
2026-07-02 03:52:57,2,0
2026-07-02 04:08:12,2,0
2026-07-02 04:23:24,2,0
2026-07-02 04:38:33,2,0
2026-07-02 04:53:45,2,0
2026-07-02 05:08:58,2,0
2026-07-02 05:24:21,2,0
2026-07-02 05:39:31,2,0
2026-07-02 05:54:41,2,0
2026-07-02 06:09:53,2,0
2026-07-02 06:25:05,2,0
2026-07-02 06:40:27,2,0
2026-07-02 06:55:42,2,0
2026-07-02 07:10:56,2,0
2026-07-02 07:26:09,2,0
2026-07-02 07:41:23,2,0
2026-07-02 07:56:36,2,0
2026-07-02 08:11:47,2,0
2026-07-02 08:26:57,2,0
2026-07-02 08:42:12,2,0
2026-07-02 08:57:26,2,0
2026-07-02 09:12:36,2,0
2026-07-02 09:27:47,2,0
2026-07-02 09:43:01,2,0
2026-07-02 09:58:14,2,0
2026-07-02 10:13:28,2,0
2026-07-02 10:28:42,2,0
2026-07-02 10:43:55,2,0
2026-07-02 10:59:10,2,0
2026-07-02 11:14:24,2,0
2026-07-02 11:29:35,2,0
2026-07-02 11:44:46,2,0
2026-07-02 11:59:57,2,0
2026-07-02 12:15:14,2,0
2026-07-02 12:30:27,2,0
2026-07-02 12:45:42,2,0
2026-07-02 13:00:54,2,0
2026-07-02 13:16:09,2,0
2026-07-02 13:31:23,2,1
2026-07-02 13:46:35,2,1
2026-07-02 14:01:48,2,1
2026-07-02 14:17:02,2,1
2026-07-02 14:32:15,2,1
2026-07-02 14:47:27,2,1
2026-07-02 15:02:42,2,1
2026-07-02 15:17:56,2,0
2026-07-02 15:33:08,2,0
2026-07-02 15:48:22,2,0
2026-07-02 16:03:40,2,0
2026-07-02 16:19:02,2,1
2026-07-02 16:49:59,2,1
2026-07-02 17:05:14,2,2
2026-07-02 17:20:28,2,2
2026-07-02 17:35:42,2,2
2026-07-02 17:50:53,2,2
2026-07-02 18:06:10,2,2
2026-07-02 18:21:27,2,2
2026-07-02 18:36:43,2,2
2026-07-02 18:51:56,2,1
2026-07-02 19:07:13,2,1
2026-07-02 19:22:30,2,1
2026-07-02 19:37:48,2,1
2026-07-02 19:53:03,2,1
2026-07-02 20:08:18,2,1
2026-07-02 20:23:35,2,1
2026-07-02 20:38:51,2,0
2026-07-02 20:54:07,2,0
2026-07-02 21:09:20,2,0
2026-07-02 21:24:30,2,0
2026-07-02 21:39:42,2,0
2026-07-02 21:54:54,2,0
2026-07-02 22:10:11,2,0
2026-07-02 22:25:25,2,0
2026-07-02 22:40:40,2,0
2026-07-02 22:55:53,2,0
2026-07-02 23:11:04,2,0
2026-07-02 23:26:20,2,0
2026-07-02 23:41:33,2,0
2026-07-02 23:56:44,2,0
2026-07-03 00:11:56,2,0
2026-07-03 00:27:07,2,0
2026-07-03 00:42:19,2,0
2026-07-03 00:57:30,2,0
2026-07-03 01:12:40,2,0
2026-07-03 01:27:53,2,0
2026-07-03 01:43:10,2,0
2026-07-03 01:58:20,2,0
2026-07-03 02:13:36,2,0
2026-07-03 02:28:47,2,0
2026-07-03 02:44:02,2,0
2026-07-03 02:59:13,2,0
2026-07-03 03:14:25,2,0
2026-07-03 03:29:45,2,0
2026-07-03 03:44:59,2,0
2026-07-03 04:00:10,2,0
2026-07-03 04:15:22,2,0
2026-07-03 04:30:34,2,0
2026-07-03 04:45:46,2,0
2026-07-03 05:00:58,2,0
2026-07-03 05:16:09,2,0
2026-07-03 05:31:21,2,0
2026-07-03 05:46:35,2,0
2026-07-03 06:01:49,2,0
2026-07-03 06:17:03,2,0
2026-07-03 06:32:15,2,0
2026-07-03 06:47:27,2,0
2026-07-03 07:02:40,2,0
2026-07-03 07:17:50,2,0
2026-07-03 07:33:00,2,0
2026-07-03 07:48:11,2,0
2026-07-03 08:03:23,2,0
2026-07-03 08:18:36,2,0
2026-07-03 08:33:46,2,0
2026-07-03 08:48:58,2,0
2026-07-03 09:04:13,2,0
2026-07-03 09:19:26,2,0
2026-07-03 09:34:39,2,0
2026-07-03 09:49:51,2,0
2026-07-03 10:05:02,2,0
2026-07-03 10:20:19,2,0
2026-07-03 10:35:35,2,0
2026-07-03 10:50:48,2,0
2026-07-03 11:06:00,2,0
2026-07-03 11:21:13,2,0
2026-07-03 11:36:24,2,0
2026-07-03 11:51:38,2,0
2026-07-03 12:06:48,2,0
2026-07-03 12:22:00,2,0
2026-07-03 12:37:12,2,0
2026-07-03 12:52:24,2,0
2026-07-03 13:07:41,2,0
2026-07-03 13:22:54,2,0
2026-07-03 13:38:08,2,0
2026-07-03 13:53:23,2,0
2026-07-03 14:08:40,2,0
2026-07-03 14:23:53,2,0
2026-07-03 14:39:05,2,0
2026-07-03 14:54:19,2,0
2026-07-03 15:09:32,2,0
2026-07-03 15:24:43,2,0
2026-07-03 15:39:53,2,0
2026-07-03 15:55:06,2,0
2026-07-03 16:10:18,2,0
2026-07-03 16:25:28,2,0
2026-07-03 16:40:41,2,0
2026-07-03 16:55:51,2,0
2026-07-03 17:11:04,2,0
2026-07-03 17:26:18,2,0
2026-07-03 17:41:30,2,0
2026-07-03 17:56:40,2,0
2026-07-03 18:11:51,2,0
2026-07-03 18:27:02,2,0
2026-07-03 18:42:14,2,0
2026-07-03 18:57:29,2,0
2026-07-03 19:12:42,2,0
2026-07-03 19:27:56,2,1
2026-07-03 19:43:17,2,0
2026-07-03 19:58:28,2,0
2026-07-03 20:13:38,2,0
2026-07-03 20:28:50,2,0
2026-07-03 20:44:03,2,1
2026-07-03 20:59:18,2,1
2026-07-03 21:14:31,2,1
2026-07-03 21:29:42,2,1
2026-07-03 21:44:52,2,1
2026-07-03 22:00:04,2,1
2026-07-03 22:15:19,2,1
2026-07-03 22:30:29,2,1
2026-07-03 22:45:41,2,1
2026-07-03 23:00:52,2,1
2026-07-03 23:16:03,2,1
2026-07-03 23:31:16,2,1
2026-07-03 23:46:28,2,1
2026-07-04 00:01:38,2,1
2026-07-04 00:16:48,2,1
